experiment,encoder,generator,setting,tokens,metric,mean,population_sd,samples
temperature_models,dream,vMF,0.7,1024,SOL,48.69811619362342,0.2921267072921206,5000
temperature_models,dream,Soft-Masked + ReMDM,0.7,1024,SOL,57.63324156965129,0.4197601910065653,5000
temperature_models,dream,MDLM,0.7,1024,SOL,54.31283485130112,0.404178289189357,5000
temperature_models,dream,vMF,0.8,1024,SOL,37.978148577101045,0.15961029234953256,5000
temperature_models,dream,Soft-Masked + ReMDM,0.8,1024,SOL,41.325367667633344,0.3029511662188742,5000
temperature_models,dream,MDLM,0.8,1024,SOL,42.05197073876074,0.24428651635425672,5000
temperature_models,dream,vMF,0.9,1024,SOL,33.11342531510639,0.07605856253245435,5000
temperature_models,dream,Soft-Masked + ReMDM,0.9,1024,SOL,24.76702794277142,0.16118284136721814,5000
temperature_models,dream,MDLM,0.9,1024,SOL,37.437942209656065,0.14852325983471937,5000
temperature_models,dream,vMF,1.0,1024,SOL,31.491711791183477,0.07009363734908862,5000
temperature_models,dream,Soft-Masked + ReMDM,1.0,1024,SOL,18.92928103982744,0.1210821891190947,5000
temperature_models,dream,MDLM,1.0,1024,SOL,36.31861600394825,0.09049892784162175,5000
temperature_models,dream,vMF,1.1,1024,SOL,34.44117753349605,0.17160802551183615,5000
temperature_models,dream,Soft-Masked + ReMDM,1.1,1024,SOL,23.43060581399295,0.08159608994854643,5000
temperature_models,dream,MDLM,1.1,1024,SOL,40.419852074790185,0.15883502897479176,5000
temperature_models,dream,vMF,1.2,1024,SOL,42.66486611459497,0.2518226837125114,5000
temperature_models,dream,Soft-Masked + ReMDM,1.2,1024,SOL,86.61332107051194,0.5054164340386293,5000
temperature_models,dream,MDLM,1.2,1024,SOL,49.86004941287605,0.29911443938787247,5000
temperature_models,dream,vMF,1.3,1024,SOL,53.894308764245665,0.3052063278098421,5000
temperature_models,dream,Soft-Masked + ReMDM,1.3,1024,SOL,111.73741410125987,0.666379453712489,5000
temperature_models,dream,MDLM,1.3,1024,SOL,62.82434394990138,0.40775421984941057,5000
temperature_models,gpt2,vMF,0.7,1024,SOL,3.7873621801272597,0.09630620074115678,5000
temperature_models,gpt2,Soft-Masked + ReMDM,0.7,1024,SOL,4.940972149988485,0.14780087196386013,5000
temperature_models,gpt2,MDLM,0.7,1024,SOL,4.187265425312264,0.1075525295870035,5000
temperature_models,gpt2,vMF,0.8,1024,SOL,2.3688908834200535,0.06846393046575426,5000
temperature_models,gpt2,Soft-Masked + ReMDM,0.8,1024,SOL,3.032341011626177,0.10231682545207138,5000
temperature_models,gpt2,MDLM,0.8,1024,SOL,2.827329826426421,0.07464803000923403,5000
temperature_models,gpt2,vMF,0.9,1024,SOL,1.6789628218493504,0.042299325330107024,5000
temperature_models,gpt2,Soft-Masked + ReMDM,0.9,1024,SOL,1.2885952543818724,0.049743159917098954,5000
temperature_models,gpt2,MDLM,0.9,1024,SOL,2.2391835943788805,0.04361317933244177,5000
temperature_models,gpt2,vMF,1.0,1024,SOL,1.5109487654657612,0.022274239085221494,5000
temperature_models,gpt2,Soft-Masked + ReMDM,1.0,1024,SOL,0.607494526015307,0.012640415362641662,5000
temperature_models,gpt2,MDLM,1.0,1024,SOL,2.167547907686517,0.028735503473249907,5000
temperature_models,gpt2,vMF,1.1,1024,SOL,1.966628588446827,0.02951815075506912,5000
temperature_models,gpt2,Soft-Masked + ReMDM,1.1,1024,SOL,1.277372128857874,0.022187209944360905,5000
temperature_models,gpt2,MDLM,1.1,1024,SOL,2.8279952261616494,0.036200731513390004,5000
temperature_models,gpt2,vMF,1.2,1024,SOL,2.9077219474317393,0.048799292047909525,5000
temperature_models,gpt2,Soft-Masked + ReMDM,1.2,1024,SOL,6.426287412764771,0.08951805735233062,5000
temperature_models,gpt2,MDLM,1.2,1024,SOL,4.002831645897502,0.05456661330855714,5000
temperature_models,gpt2,vMF,1.3,1024,SOL,4.047767016971029,0.06978883525109003,5000
temperature_models,gpt2,Soft-Masked + ReMDM,1.3,1024,SOL,8.51700375678162,0.1219994602987827,5000
temperature_models,gpt2,MDLM,1.3,1024,SOL,5.375578980795611,0.07929776290150968,5000
temperature,gpt2,GPT-2 Large,0.7,512,SOL,2.900568968049881,0.05245328862804838,2400
temperature,gpt2,GPT-2 Large,0.9,512,SOL,1.0660325858929092,0.022389860865778932,2400
temperature,gpt2,GPT-2 Large,1.0,512,SOL,0.9937492537504362,0.02314558061715142,2400
temperature,gpt2,GPT-2 Large,1.1,512,SOL,1.0378885972106782,0.020554079081472283,2400
temperature,gpt2,GPT-2 Large,1.3,512,SOL,1.354929317590654,0.017137643615997754,2400
temperature,gpt2,GPT-2 Large,0.7,1024,SOL,2.8720094220464705,0.045565334284891686,2400
temperature,gpt2,GPT-2 Large,0.9,1024,SOL,1.0908974852340207,0.020774929263095186,2400
temperature,gpt2,GPT-2 Large,1.0,1024,SOL,1.0133671212887922,0.020899486756819567,2400
temperature,gpt2,GPT-2 Large,1.1,1024,SOL,1.069922208381627,0.018408368113101183,2400
temperature,gpt2,GPT-2 Large,1.3,1024,SOL,1.4340198084940603,0.014703450031539804,2400
temperature,dream,GPT-2 Large,0.7,512,SOL,27.76785186600161,0.21060847651170886,2400
temperature,dream,GPT-2 Large,0.9,512,SOL,21.57577693866136,0.12199895233016592,2400
temperature,dream,GPT-2 Large,1.0,512,SOL,21.08972874389672,0.08241194881804333,2400
temperature,dream,GPT-2 Large,1.1,512,SOL,22.065408692331957,0.06899831270812075,2400
temperature,dream,GPT-2 Large,1.3,512,SOL,25.889007841896795,0.13814572569334752,2400
temperature,dream,GPT-2 Large,0.7,1024,SOL,27.227986272205207,0.1738885284671869,2400
temperature,dream,GPT-2 Large,0.9,1024,SOL,21.49435865108432,0.09724234126381637,2400
temperature,dream,GPT-2 Large,1.0,1024,SOL,21.09112049133577,0.07119353052107419,2400
temperature,dream,GPT-2 Large,1.1,1024,SOL,21.97962130932945,0.062425844713968455,2400
temperature,dream,GPT-2 Large,1.3,1024,SOL,25.789207014140327,0.1442047188048516,2400
length,GPT-2 Large,gpt2,256,256,SOL,1.216134155473613,0.024725283701394988,5000
length,GPT-2 Large,gpt2-medium,256,256,SOL,1.0635154109595435,0.028311753998517306,5000
length,GPT-2 Large,gpt2-large,256,256,SOL,0.9720778238133491,0.028655442201615183,5000
length,GPT-2 Large,gpt2-xl,256,256,SOL,0.872732405830194,0.0260582346212068,5000
length,GPT-2 Large,gpt2,512,512,SOL,1.2508844603952554,0.02684597144409105,5000
length,GPT-2 Large,gpt2-medium,512,512,SOL,1.090020411352407,0.028977867451248446,5000
length,GPT-2 Large,gpt2-large,512,512,SOL,0.9874380768822356,0.02939230572604287,5000
length,GPT-2 Large,gpt2-xl,512,512,SOL,0.890431954129528,0.02679055667902353,5000
length,GPT-2 Large,gpt2,1024,1024,SOL,1.2989675903136253,0.028572028569751544,5000
length,GPT-2 Large,gpt2-medium,1024,1024,SOL,1.1333533882061206,0.030289972154684444,5000
length,GPT-2 Large,gpt2-large,1024,1024,SOL,1.0077920883634703,0.030293360909188362,5000
length,GPT-2 Large,gpt2-xl,1024,1024,SOL,0.9184425791670527,0.027865115944146885,5000
length,Dream 7B,gpt2,256,256,SOL,26.390732984024194,0.11935312890704523,5000
length,Dream 7B,gpt2-medium,256,256,SOL,21.276786563648397,0.060624170783253606,5000
length,Dream 7B,gpt2-large,256,256,SOL,19.027015450792216,0.04589939752691486,5000
length,Dream 7B,gpt2-xl,256,256,SOL,15.830281323033107,0.04583218316726092,5000
length,Dream 7B,gpt2,512,512,SOL,26.927940234128645,0.10918380430654455,5000
length,Dream 7B,gpt2-medium,512,512,SOL,22.20964167161178,0.06457770833474584,5000
length,Dream 7B,gpt2-large,512,512,SOL,19.93538075408771,0.04799665934724262,5000
length,Dream 7B,gpt2-xl,512,512,SOL,16.850079847078597,0.04433988534494248,5000
length,Dream 7B,gpt2,1024,1024,SOL,27.073728242509475,0.10458169834390706,5000
length,Dream 7B,gpt2-medium,1024,1024,SOL,22.372979945700816,0.07397250953131135,5000
length,Dream 7B,gpt2-large,1024,1024,SOL,20.04642020981375,0.052020279236106796,5000
length,Dream 7B,gpt2-xl,1024,1024,SOL,17.230246411220765,0.04743140928230554,5000
coverage,GPT-2 Large,AG News Q2_to_Q1,0,1024,SOL,0.22748470762056552,0.00952478858524716,5000
coverage,GPT-2 Large,AG News Q2_to_Q1,1,1024,SOL,0.22920591877785276,0.009387430994102386,5000
coverage,GPT-2 Large,AG News Q2_to_Q1,2,1024,SOL,0.23195294234776315,0.00968104324073414,5000
coverage,GPT-2 Large,AG News Q2_to_Q1,5,1024,SOL,0.24798819955032672,0.009298878597666512,5000
coverage,GPT-2 Large,AG News Q2_to_Q1,10,1024,SOL,0.29224252869145384,0.01109106111568392,5000
coverage,GPT-2 Large,AG News Q2_to_Q1,20,1024,SOL,0.4151730495404652,0.017139911945602875,5000
coverage,GPT-2 Large,AG News Q2_to_Q1,30,1024,SOL,0.5594717103864277,0.02194305636911227,5000
coverage,GPT-2 Large,AG News Q2_to_Q1,40,1024,SOL,0.7087968948147308,0.027902066274721672,5000
coverage,GPT-2 Large,AG News Q2_to_Q1,50,1024,SOL,0.8680218870389754,0.03331854089960122,5000
coverage,GPT-2 Large,AG News Q2_to_Q1,60,1024,SOL,1.0289981039176923,0.03865969668668899,5000
coverage,GPT-2 Large,AG News Q2_to_Q1,70,1024,SOL,1.187717214310485,0.04451631813527703,5000
coverage,GPT-2 Large,AG News Q2_to_Q1,80,1024,SOL,1.3555822560714434,0.05033778550072354,5000
coverage,GPT-2 Large,AG News Q2_to_Q1,90,1024,SOL,1.5278343163112722,0.05725598028485131,5000
coverage,GPT-2 Large,AG News Q2_to_Q1,95,1024,SOL,1.611615857711538,0.06041899000746893,5000
coverage,GPT-2 Large,AG News Q2_to_Q1,98,1024,SOL,1.6622634125158833,0.061941607662130395,5000
coverage,GPT-2 Large,AG News Q2_to_Q1,99,1024,SOL,1.6803395006150337,0.0626061437193436,5000
coverage,GPT-2 Large,AG News Q2_to_Q1,100,1024,SOL,1.6977038983199804,0.06317589096455463,5000
coverage,GPT-2 Large,AG News Q2_to_Q3,0,1024,SOL,0.22748470762056552,0.00952478858524716,5000
coverage,GPT-2 Large,AG News Q2_to_Q3,1,1024,SOL,0.22881575201474058,0.00980245614482213,5000
coverage,GPT-2 Large,AG News Q2_to_Q3,2,1024,SOL,0.22997860917852597,0.009864436972962238,5000
coverage,GPT-2 Large,AG News Q2_to_Q3,5,1024,SOL,0.24014980326592475,0.009776431481632021,5000
coverage,GPT-2 Large,AG News Q2_to_Q3,10,1024,SOL,0.2708778592998563,0.010634536262809434,5000
coverage,GPT-2 Large,AG News Q2_to_Q3,20,1024,SOL,0.36037335873998894,0.011750814032924866,5000
coverage,GPT-2 Large,AG News Q2_to_Q3,30,1024,SOL,0.47235636393815417,0.015697219790599973,5000
coverage,GPT-2 Large,AG News Q2_to_Q3,40,1024,SOL,0.5936549875866941,0.019833804439756197,5000
coverage,GPT-2 Large,AG News Q2_to_Q3,50,1024,SOL,0.7161048742763708,0.02424066766639478,5000
coverage,GPT-2 Large,AG News Q2_to_Q3,60,1024,SOL,0.8416535469056857,0.028673335975371517,5000
coverage,GPT-2 Large,AG News Q2_to_Q3,70,1024,SOL,0.9655724500026279,0.033617908992268714,5000
coverage,GPT-2 Large,AG News Q2_to_Q3,80,1024,SOL,1.0888458742142275,0.03763189054317143,5000
coverage,GPT-2 Large,AG News Q2_to_Q3,90,1024,SOL,1.211434009250282,0.042001236550471305,5000
coverage,GPT-2 Large,AG News Q2_to_Q3,95,1024,SOL,1.273726452048837,0.043669157581367524,5000
coverage,GPT-2 Large,AG News Q2_to_Q3,98,1024,SOL,1.3128533228590906,0.044866547964616595,5000
coverage,GPT-2 Large,AG News Q2_to_Q3,99,1024,SOL,1.324300903835512,0.045159219639087964,5000
coverage,GPT-2 Large,AG News Q2_to_Q3,100,1024,SOL,1.337142901604238,0.045508301786767714,5000
coverage,Dream 7B,AG News Q2_to_Q1,0,1024,SOL,2.2838246142777217,0.04747197902954804,5000
coverage,Dream 7B,AG News Q2_to_Q1,1,1024,SOL,2.3102031789012396,0.05106194497417998,5000
coverage,Dream 7B,AG News Q2_to_Q1,2,1024,SOL,2.3558165374874194,0.06308785707068801,5000
coverage,Dream 7B,AG News Q2_to_Q1,5,1024,SOL,2.6083067978702013,0.06837128069269749,5000
coverage,Dream 7B,AG News Q2_to_Q1,10,1024,SOL,3.2994580275128818,0.10082211511544575,5000
coverage,Dream 7B,AG News Q2_to_Q1,20,1024,SOL,5.124094875643963,0.1475661950796507,5000
coverage,Dream 7B,AG News Q2_to_Q1,30,1024,SOL,7.148261282371908,0.11720376875682091,5000
coverage,Dream 7B,AG News Q2_to_Q1,40,1024,SOL,9.203972422152543,0.15732248656443062,5000
coverage,Dream 7B,AG News Q2_to_Q1,50,1024,SOL,11.370105288456834,0.14263009520305636,5000
coverage,Dream 7B,AG News Q2_to_Q1,60,1024,SOL,13.54371747335798,0.15704700121740725,5000
coverage,Dream 7B,AG News Q2_to_Q1,70,1024,SOL,15.687352831009251,0.16231379599595225,5000
coverage,Dream 7B,AG News Q2_to_Q1,80,1024,SOL,17.95737254633226,0.12649360104339563,5000
coverage,Dream 7B,AG News Q2_to_Q1,90,1024,SOL,20.301847740361872,0.13805746655530296,5000
coverage,Dream 7B,AG News Q2_to_Q1,95,1024,SOL,21.428073535278802,0.1547283699923469,5000
coverage,Dream 7B,AG News Q2_to_Q1,98,1024,SOL,22.090776075381324,0.1573566695064117,5000
coverage,Dream 7B,AG News Q2_to_Q1,99,1024,SOL,22.32864793465355,0.1441269408764935,5000
coverage,Dream 7B,AG News Q2_to_Q1,100,1024,SOL,22.55559015296657,0.15240140925854448,5000
coverage,Dream 7B,AG News Q2_to_Q3,0,1024,SOL,2.2838246142777217,0.04747197902954804,5000
coverage,Dream 7B,AG News Q2_to_Q3,1,1024,SOL,2.3053249379366387,0.06003570751649516,5000
coverage,Dream 7B,AG News Q2_to_Q3,2,1024,SOL,2.336153465101889,0.06577562991783105,5000
coverage,Dream 7B,AG News Q2_to_Q3,5,1024,SOL,2.5693966852276215,0.0825332207996153,5000
coverage,Dream 7B,AG News Q2_to_Q3,10,1024,SOL,3.205156588829798,0.05104978741251945,5000
coverage,Dream 7B,AG News Q2_to_Q3,20,1024,SOL,4.871528720097096,0.09340771338231177,5000
coverage,Dream 7B,AG News Q2_to_Q3,30,1024,SOL,6.706738491568241,0.111682891017565,5000
coverage,Dream 7B,AG News Q2_to_Q3,40,1024,SOL,8.583362293576698,0.14851566895593396,5000
coverage,Dream 7B,AG News Q2_to_Q3,50,1024,SOL,10.427621219898086,0.19161390016385463,5000
coverage,Dream 7B,AG News Q2_to_Q3,60,1024,SOL,12.258458780782693,0.2254203358323108,5000
coverage,Dream 7B,AG News Q2_to_Q3,70,1024,SOL,14.053767836068582,0.27088617140180954,5000
coverage,Dream 7B,AG News Q2_to_Q3,80,1024,SOL,15.862572910653785,0.25734042523343514,5000
coverage,Dream 7B,AG News Q2_to_Q3,90,1024,SOL,17.64537354749848,0.2713088573021093,5000
coverage,Dream 7B,AG News Q2_to_Q3,95,1024,SOL,18.545143750404826,0.26549759227069175,5000
coverage,Dream 7B,AG News Q2_to_Q3,98,1024,SOL,19.106650378021676,0.2639813406777389,5000
coverage,Dream 7B,AG News Q2_to_Q3,99,1024,SOL,19.273769154595357,0.2560223183262829,5000
coverage,Dream 7B,AG News Q2_to_Q3,100,1024,SOL,19.453025080667338,0.24780367640067757,5000
